name,username,email,gender,dob,maritalstatus,designation,department,experience,spanofcontrol,employeeid,branch,team,language
,,gayatri@willnevergrowup.com,F,10/22/1992,Married,Associate,Marketing,10,6,1,North,,
,,gayatri@willnevergrowup.com,F,3/31/1988,Unmarried,Senior Associate,Finance,9,5,2,South,,
,,gayatri@willnevergrowup.com,M,10/3/1958,Unmarried,Junior Manager,HR,8,4,3,East,,
,,gayatri@willnevergrowup.com,F,11/15/1962,Unmarried,Senior Manager,Operations,7,3,4,West,,
,,gayatri@willnevergrowup.com,M,10/9/1960,Unmarried,HOD,BD,6,2,5,North,,
,,gayatri@willnevergrowup.com,M,8/4/1993,Married,Regional Head,Marketing,5,1,6,South,,
,,gayatri@willnevergrowup.com,M,12/8/1989,Unmarried,Associate,Finance,4,7,7,East,,
,,gayatri@willnevergrowup.com,F,11/10/1965,Unmarried,Senior Associate,HR,3,5,8,West,,
,,gayatri@willnevergrowup.com,F,8/23/1962,Married,Junior Manager,Operations,2,3,9,North,,
,,gayatri@willnevergrowup.com,M,11/22/1956,Married,Senior Manager,BD,1,1,10,South,,
,,gayatri@willnevergrowup.com,F,8/15/1989,Married,HOD,Marketing,9,8,11,East,,
,,gayatri@willnevergrowup.com,M,9/23/1994,Unmarried,Regional Head,Finance,8,6,12,West,,
,,gayatri@willnevergrowup.com,F,4/3/1967,Unmarried,Associate,HR,7,4,13,North,,
,,gayatri@willnevergrowup.com,M,7/9/1976,Unmarried,Senior Associate,Operations,6,2,14,South,,
,,gayatri@willnevergrowup.com,M,7/7/1979,Married,Junior Manager,BD,5,9,15,East,,
,,gayatri@willnevergrowup.com,F,10/5/1986,Unmarried,Senior Manager,Marketing,4,7,16,West,,
,,gayatri@willnevergrowup.com,M,8/29/1990,Married,HOD,Finance,3,5,17,North,,
,,gayatri@willnevergrowup.com,M,12/8/1984,Unmarried,Regional Head,HR,2,3,18,South,,
,,gayatri@willnevergrowup.com,M,10/31/1959,Unmarried,Associate,Operations,1,1,19,East,,
,,gayatri@willnevergrowup.com,F,5/17/1958,Unmarried,Senior Associate,BD,8,6,20,West,,
,,gayatri@willnevergrowup.com,M,11/22/1993,Married,Junior Manager,Marketing,7,5,21,North,,
,,gayatri@willnevergrowup.com,F,1/8/1900,Married,Senior Manager,Finance,6,4,22,South,,
,,gayatri@willnevergrowup.com,M,3/3/1967,Unmarried,HOD,HR,5,3,23,East,,
,,gayatri@willnevergrowup.com,F,10/2/1992,Unmarried,Regional Head,Operations,4,2,24,West,,
,,gayatri@willnevergrowup.com,M,8/31/1988,Unmarried,Associate,BD,3,1,25,North,,
,,asif@willnevergrowup.com,M,10/1/1958,Married,Senior Associate,Marketing,2,1,26,South,,
,,asif@willnevergrowup.com,F,11/14/1962,Unmarried,Junior Manager,Finance,1,2,27,East,,
,,asif@willnevergrowup.com,F,9/9/1960,Married,Senior Manager,HR,7,3,28,West,,
,,asif@willnevergrowup.com,M,1/4/1993,Unmarried,HOD,Operations,6,4,29,North,,
,,asif@willnevergrowup.com,F,10/8/1989,Married,Regional Head,BD,5,5,30,South,,
,,asif@willnevergrowup.com,F,11/17/1965,Unmarried,Associate,Marketing,4,1,31,East,,
,,asif@willnevergrowup.com,F,2/23/1962,Married,Senior Associate,Finance ,3,2,32,West,,
,,asif@willnevergrowup.com,M,11/27/1956,Unmarried,Junior Manager,HR,2,3,33,North,,
,,asif@willnevergrowup.com,F,8/5/1989,Married,Senior Manager,Operations,1,4,34,South,,
,,asif@willnevergrowup.com,M,10/23/1994,Unmarried,HOD,BD,6,5,35,East,,
,,asif@willnevergrowup.com,F,4/3/1967,Married,Regional Head,Marketing,5,6,36,West,,
,,asif@willnevergrowup.com,M,7/9/1976,Unmarried,Associate,Finance,4,1,37,North,,
,,asif@willnevergrowup.com,F,7/7/1979,Married,Senior Associate,HR,3,2,38,South,,
,,asif@willnevergrowup.com,M,10/5/1986,Unmarried,Junior Manager,Operations,2,3,39,East,,
,,asif@willnevergrowup.com,M,8/29/1990,Unmarried,Senior Manager,BD,1,4,40,West,,
,,asif@willnevergrowup.com,F,6/9/1959,Unmarried,HOD,Marketing,5,5,41,North,,
,,asif@willnevergrowup.com,F,4/7/1992,Married,Regional Head,Finance,4,6,42,South,,
,,asif@willnevergrowup.com,F,9/15/1987,Married,Associate,HR,3,5,43,East,,
,,asif@willnevergrowup.com,M,4/17/1972,Unmarried,Senior Associate,Operations,2,4,44,West,,
,,asif@willnevergrowup.com,F,6/7/1994,Unmarried,Junior Manager,BD,1,3,45,North,,
,,asif@willnevergrowup.com,M,11/8/1989,Unmarried,Senior Manager,Marketing,10,2,46,South,,
,,asif@willnevergrowup.com,M,8/9/1974,Married,HOD,Finance,9,1,47,East,,
,,asif@willnevergrowup.com,F,9/18/1975,Married,Regional Head,HR,7,4,48,West,,
,,asif@willnevergrowup.com,M,11/17/1988,Married,Associate,Operations,5,3,49,North,,
,,asif@willnevergrowup.com,F,10/16/1990,Unmarried,Senior Associate,BD,3,2,50,South,,
